Institution,Conference,Division,Reclass Division,State
Abilene Christian University,Southland Conference,II,I-FCS,TX
University of Akron,Mid-American Conference,I-FBS,,OH
University of Alabama,Southeastern Conference,I-FBS,,AL
Alabama A&M; University,Southwestern Athletic Conf.,I-FCS,,AL
Alabama State University,Southwestern Athletic Conf.,I-FCS,,AL
University of Alabama at Birmingham,Conference USA,I-FBS,,AL
University at Albany,America East Conference,I-FCS,,NY
Alcorn State University,Southwestern Athletic Conf.,I-FCS,,MS
American University,Patriot League,I,,DC
Appalachian State University,Sun Belt Conference,I-FBS,,NC
University of Arizona,Pac-12 Conference,I-FBS,,AZ
Arizona State University,Pac-12 Conference,I-FBS,,AZ
Arkansas State University,Sun Belt Conference,I-FBS,,AR
"University of Arkansas, Fayetteville",Southeastern Conference,I-FBS,,AR
University of Arkansas at Little Rock,Sun Belt Conference,I,,AR
"University of Arkansas, Pine Bluff",Southwestern Athletic Conf.,I-FCS,,AR
Auburn University,Southeastern Conference,I-FBS,,AL
Austin Peay State University,Ohio Valley Conference,I-FCS,,TN
Ball State University,Mid-American Conference,I-FBS,,IN
Baylor University,Big 12 Conference,I-FBS,,TX
Belmont University,Ohio Valley Conference,I,,TN
Bethune-Cookman University,Mid-Eastern Athletic Conf.,I-FCS,,FL
Binghamton University,America East Conference,I,,NY
Boise State University,Mountain West Conference,I-FBS,,ID
Boston College,Atlantic Coast Conference,I-FBS,,MA
Boston University,Patriot League,I,,MA
Bowling Green State University,Mid-American Conference,I-FBS,,OH
Bradley University,Missouri Valley Conference,I,,IL
Brigham Young University,West Coast Conference,I-FBS,,UT
Brown University,The Ivy League,I-FCS,,RI
Bryant University,Northeast Conference,I-FCS,,RI
Bucknell University,Patriot League,I-FCS,,PA
"University at Buffalo, the State University of New York",Mid-American Conference,I-FBS,,NY
Butler University,Big East Conference,I-FCS,,IN
California Polytechnic State University,Big West Conference,I-FCS,,CA
"California State University, Bakersfield",Western Athletic Conference,I,,CA
"California State University, Fresno",Mountain West Conference,I-FBS,,CA
"California State University, Fullerton",Big West Conference,I,,CA
"California State University, Northridge",Big West Conference,I,,CA
"California State University, Sacramento",Big Sky Conference,I-FCS,,CA
"University of California, Berkeley",Pac-12 Conference,I-FBS,,CA
"University of California, Davis",Big West Conference,I-FCS,,CA
"University of California, Irvine",Big West Conference,I,,CA
"University of California, Los Angeles",Pac-12 Conference,I-FBS,,CA
"University of California, Riverside",Big West Conference,I,,CA
"University of California, Santa Barbara",Big West Conference,I,,CA
Campbell University,Big South Conference,I-FCS,,NC
Canisius College,Metro Atlantic Athletic Conference,I,,NY
University of Central Arkansas,Southland Conference,I-FCS,,AR
Central Connecticut State University,Northeast Conference,I-FCS,,CT
University of Central Florida,American Athletic Conference,I-FBS,,FL
Central Michigan University,Mid-American Conference,I-FBS,,MI
College of Charleston (South Carolina),Colonial Athletic Association,I,,SC
Charleston Southern University,Big South Conference,I-FCS,,SC
Chicago State University,Western Athletic Conference,I,,IL
University of Cincinnati,American Athletic Conference,I-FBS,,OH
The Citadel,Southern Conference,I-FCS,,SC
Clemson University,Atlantic Coast Conference,I-FBS,,SC
Cleveland State University,Horizon League,I,,OH
Coastal Carolina University,Big South Conference,I-FCS,,SC
Colgate University,Patriot League,I-FCS,,NY
"University of Colorado, Boulder",Pac-12 Conference,I-FBS,,CO
Colorado State University,Mountain West Conference,I-FBS,,CO
Columbia University-Barnard College,The Ivy League,I-FCS,,NY
University of Connecticut,American Athletic Conference,I-FBS,,CT
Coppin State University,Mid-Eastern Athletic Conf.,I,,MD
Cornell University,The Ivy League,I-FCS,,NY
Creighton University,Big East Conference,I,,NE
Dartmouth College,The Ivy League,I-FCS,,NH
Davidson College,Atlantic 10 Conference,I-FCS,,NC
University of Dayton,Atlantic 10 Conference,I-FCS,,OH
University of Delaware,Colonial Athletic Association,I-FCS,,DE
Delaware State University,Mid-Eastern Athletic Conf.,I-FCS,,DE
University of Denver,The Summit League,I,,CO
DePaul University,Big East Conference,I,,IL
University of Detroit Mercy,Horizon League,I,,MI
Drake University,Missouri Valley Conference,I-FCS,,IA
Drexel University,Colonial Athletic Association,I,,PA
Duke University,Atlantic Coast Conference,I-FBS,,NC
Duquesne University,Atlantic 10 Conference,I-FCS,,PA
East Carolina University,American Athletic Conference,I-FBS,,NC
East Tennessee State University,Southern Conference,I-FCS,,TN
Eastern Illinois University,Ohio Valley Conference,I-FCS,,IL
Eastern Kentucky University,Ohio Valley Conference,I-FCS,,KY
Eastern Michigan University,Mid-American Conference,I-FBS,,MI
Eastern Washington University,Big Sky Conference,I-FCS,,WA
Elon University,Colonial Athletic Association,I-FCS,,NC
University of Evansville,Missouri Valley Conference,I,,IN
Fairfield University,Metro Atlantic Athletic Conference,I,,CT
"Fairleigh Dickinson University, Metropolitan Campus",Northeast Conference,I,,NJ
University of Florida,Southeastern Conference,I-FBS,,FL
Florida A&M; University,Mid-Eastern Athletic Conf.,I-FCS,,FL
Florida Atlantic University,Conference USA,I-FBS,,FL
Florida Gulf Coast University,Atlantic Sun Conference,I,,FL
Florida International University,Conference USA,I-FBS,,FL
Florida State University,Atlantic Coast Conference,I-FBS,,FL
Fordham University,Atlantic 10 Conference,I-FCS,,NY
Furman University,Southern Conference,I-FCS,,SC
Gardner-Webb University,Big South Conference,I-FCS,,NC
George Mason University,Atlantic 10 Conference,I,,VA
George Washington University,Atlantic 10 Conference,I,,DC
Georgetown University,Big East Conference,I-FCS,,DC
University of Georgia,Southeastern Conference,I-FBS,,GA
Georgia Institute of Technology,Atlantic Coast Conference,I-FBS,,GA
Georgia Southern University,Sun Belt Conference,I-FBS,,GA
Georgia State University,Sun Belt Conference,I-FBS,,GA
Gonzaga University,West Coast Conference,I,,WA
Grambling State University,Southwestern Athletic Conf.,I-FCS,,LA
Grand Canyon University,Western Athletic Conference,II,I,AZ
Hampton University,Mid-Eastern Athletic Conf.,I-FCS,,VA
University of Hartford,America East Conference,I,,CT
Harvard University,The Ivy League,I-FCS,,MA
"University of Hawaii, Manoa",Big West Conference,I-FBS,,HI
High Point University,Big South Conference,I,,NC
Hofstra University,Colonial Athletic Association,I,,NY
College of the Holy Cross,Patriot League,I-FCS,,MA
University of Houston,American Athletic Conference,I-FBS,,TX
Houston Baptist University,Southland Conference,I-FCS,,TX
Howard University,Mid-Eastern Athletic Conf.,I-FCS,,DC
University of Idaho,Big Sky Conference,I-FBS,,ID
Idaho State University,Big Sky Conference,I-FCS,,ID
Illinois State University,Missouri Valley Conference,I-FCS,,IL
University of Illinois Urbana-Champaign,Big Ten Conference,I-FBS,,IL
University of Illinois at Chicago,Horizon League,I,,IL
University of the Incarnate Word,Southland Conference,II,I-FCS,TX
Indiana State University,Missouri Valley Conference,I-FCS,,IN
"Indiana University, Bloomington",Big Ten Conference,I-FBS,,IN
"Indiana University-Purdue University, Fort Wayne",The Summit League,I,,IN
Indiana University-Purdue University at Indianapolis,The Summit League,I,,IN
Iona College,Metro Atlantic Athletic Conference,I,,NY
University of Iowa,Big Ten Conference,I-FBS,,IA
Iowa State University,Big 12 Conference,I-FBS,,IA
Jackson State University,Southwestern Athletic Conf.,I-FCS,,MS
Jacksonville State University,Ohio Valley Conference,I-FCS,,AL
Jacksonville University,Atlantic Sun Conference,I-FCS,,FL
James Madison University,Colonial Athletic Association,I-FCS,,VA
University of Kansas,Big 12 Conference,I-FBS,,KS
Kansas State University,Big 12 Conference,I-FBS,,KS
Kennesaw State University,Atlantic Sun Conference,I-FCS,,GA
Kent State University,Mid-American Conference,I-FBS,,OH
University of Kentucky,Southeastern Conference,I-FBS,,KY
La Salle University,Atlantic 10 Conference,I,,PA
Lafayette College,Patriot League,I-FCS,,PA
Lamar University,Southland Conference,I-FCS,,TX
Lehigh University,Patriot League,I-FCS,,PA
Liberty University,Big South Conference,I-FCS,,VA
Lipscomb University,Atlantic Sun Conference,I,,TN
Long Beach State University,Big West Conference,I,,CA
Long Island University-Brooklyn Campus,Northeast Conference,I,,NY
Longwood University,Big South Conference,I,,VA
University of Louisiana at Lafayette,Sun Belt Conference,I-FBS,,LA
University of Louisiana at Monroe,Sun Belt Conference,I-FBS,,LA
Louisiana State University,Southeastern Conference,I-FBS,,LA
Louisiana Tech University,Conference USA,I-FBS,,LA
University of Louisville,Atlantic Coast Conference,I-FBS,,KY
Loyola Marymount University,West Coast Conference,I,,CA
Loyola University Chicago,Missouri Valley Conference,I,,IL
Loyola University Maryland,Patriot League,I,,MD
"University of Maine, Orono",America East Conference,I-FCS,,ME
Manhattan College,Metro Atlantic Athletic Conference,I,,NY
Marist College,Metro Atlantic Athletic Conference,I-FCS,,NY
Marquette University,Big East Conference,I,,WI
Marshall University,Conference USA,I-FBS,,WV
University of Maryland Eastern Shore,Mid-Eastern Athletic Conf.,I,,MD
"University of Maryland, Baltimore County",America East Conference,I,,MD
"University of Maryland, College Park",Big Ten Conference,I-FBS,,MD
"University of Massachusetts, Amherst",Atlantic 10 Conference,I-FBS,,MA
University of Massachusetts Lowell,America East Conference,II,I,MA
McNeese State University,Southland Conference,I-FCS,,LA
University of Memphis,American Athletic Conference,I-FBS,,TN
Mercer University,Southern Conference,I-FCS,,GA
University of Miami (Florida),Atlantic Coast Conference,I-FBS,,FL
Miami University (Ohio),Mid-American Conference,I-FBS,,OH
University of Michigan,Big Ten Conference,I-FBS,,MI
Michigan State University,Big Ten Conference,I-FBS,,MI
Middle Tennessee State University,Conference USA,I-FBS,,TN
"University of Minnesota, Twin Cities",Big Ten Conference,I-FBS,,MN
University of Mississippi,Southeastern Conference,I-FBS,,MS
Mississippi State University,Southeastern Conference,I-FBS,,MS
Mississippi Valley State University,Southwestern Athletic Conf.,I-FCS,,MS
Missouri State University,Missouri Valley Conference,I-FCS,,MO
"University of Missouri, Columbia",Southeastern Conference,I-FBS,,MO
University of Missouri-Kansas City,Western Athletic Conference,I,,MO
Monmouth University,Metro Atlantic Athletic Conference,I-FCS,,NJ
University of Montana,Big Sky Conference,I-FCS,,MT
Montana State University-Bozeman,Big Sky Conference,I-FCS,,MT
Morehead State University,Ohio Valley Conference,I-FCS,,KY
Morgan State University,Mid-Eastern Athletic Conf.,I-FCS,,MD
Mount St. Mary's University,Northeast Conference,I,,MD
Murray State University,Ohio Valley Conference,I-FCS,,KY
University of Nebraska Omaha,The Summit League,I,,NE
"University of Nebraska, Lincoln",Big Ten Conference,I-FBS,,NE
"University of Nevada, Las Vegas",Mountain West Conference,I-FBS,,NV
"University of Nevada, Reno",Mountain West Conference,I-FBS,,NV
University of New Hampshire,America East Conference,I-FCS,,NH
New Jersey Institute of Technology,Atlantic Sun Conference,I,,NJ
University of New Mexico,Mountain West Conference,I-FBS,,NM
New Mexico State University,Western Athletic Conference,I-FBS,,NM
University of New Orleans,Southland Conference,I,,LA
Niagara University,Metro Atlantic Athletic Conference,I,,NY
Nicholls State University,Southland Conference,I-FCS,,LA
Norfolk State University,Mid-Eastern Athletic Conf.,I-FCS,,VA
University of North Carolina Asheville,Big South Conference,I,,NC
North Carolina A&T; State University,Mid-Eastern Athletic Conf.,I-FCS,,NC
North Carolina Central University,Mid-Eastern Athletic Conf.,I-FCS,,NC
North Carolina State University,Atlantic Coast Conference,I-FBS,,NC
University of North Carolina Wilmington,Colonial Athletic Association,I,,NC
"University of North Carolina, Chapel Hill",Atlantic Coast Conference,I-FBS,,NC
The University of North Carolina at Charlotte,Conference USA,I-FCS,I-FBS,NC
The University of North Carolina at Greensboro,Southern Conference,I,,NC
University of North Dakota,Big Sky Conference,I-FCS,,ND
North Dakota State University,The Summit League,I-FCS,,ND
University of North Florida,Atlantic Sun Conference,I,,FL
University of North Texas,Conference USA,I-FBS,,TX
Northeastern University,Colonial Athletic Association,I,,MA
Northern Arizona University,Big Sky Conference,I-FCS,,AZ
University of Northern Colorado,Big Sky Conference,I-FCS,,CO
Northern Illinois University,Mid-American Conference,I-FBS,,IL
University of Northern Iowa,Missouri Valley Conference,I-FCS,,IA
Northern Kentucky University,Horizon League,II,I,KY
Northwestern State University,Southland Conference,I-FCS,,LA
Northwestern University,Big Ten Conference,I-FBS,,IL
University of Notre Dame,Atlantic Coast Conference,I-FBS,,IN
Oakland University,Horizon League,I,,MI
The Ohio State University,Big Ten Conference,I-FBS,,OH
Ohio University,Mid-American Conference,I-FBS,,OH
University of Oklahoma,Big 12 Conference,I-FBS,,OK
Oklahoma State University,Big 12 Conference,I-FBS,,OK
Old Dominion University,Conference USA,I-FBS,,VA
Oral Roberts University,The Summit League,I,,OK
University of Oregon,Pac-12 Conference,I-FBS,,OR
Oregon State University,Pac-12 Conference,I-FBS,,OR
University of the Pacific,West Coast Conference,I,,CA
University of Pennsylvania,The Ivy League,I-FCS,,PA
Pennsylvania State University,Big Ten Conference,I-FBS,,PA
Pepperdine University,West Coast Conference,I,,CA
University of Pittsburgh,Atlantic Coast Conference,I-FBS,,PA
University of Portland,West Coast Conference,I,,OR
Portland State University,Big Sky Conference,I-FCS,,OR
Prairie View A&M; University,Southwestern Athletic Conf.,I-FCS,,TX
Presbyterian College,Big South Conference,I-FCS,,SC
Princeton University,The Ivy League,I-FCS,,NJ
Providence College,Big East Conference,I,,RI
Purdue University,Big Ten Conference,I-FBS,,IN
Quinnipiac University,Metro Atlantic Athletic Conference,I,,CT
Radford University,Big South Conference,I,,VA
University of Rhode Island,Atlantic 10 Conference,I-FCS,,RI
Rice University,Conference USA,I-FBS,,TX
University of Richmond,Atlantic 10 Conference,I-FCS,,VA
Rider University,Metro Atlantic Athletic Conference,I,,NJ
Robert Morris University,Northeast Conference,I-FCS,,PA
"Rutgers, The State University of New Jersey, New Brunswick",Big Ten Conference,I-FBS,,NJ
Sacred Heart University,Northeast Conference,I-FCS,,CT
Sam Houston State University,Southland Conference,I-FCS,,TX
Samford University,Southern Conference,I-FCS,,AL
University of San Diego,West Coast Conference,I-FCS,,CA
San Diego State University,Mountain West Conference,I-FBS,,CA
University of San Francisco,West Coast Conference,I,,CA
San Jose State University,Mountain West Conference,I-FBS,,CA
Santa Clara University,West Coast Conference,I,,CA
Savannah State University,Mid-Eastern Athletic Conf.,I-FCS,,GA
Seattle University,Western Athletic Conference,I,,WA
Seton Hall University,Big East Conference,I,,NJ
Siena College,Metro Atlantic Athletic Conference,I,,NY
University of South Alabama,Sun Belt Conference,I-FBS,,AL
"University of South Carolina, Columbia",Southeastern Conference,I-FBS,,SC
South Carolina State University,Mid-Eastern Athletic Conf.,I-FCS,,SC
University of South Carolina Upstate,Atlantic Sun Conference,I,,SC
University of South Dakota,The Summit League,I-FCS,,SD
South Dakota State University,The Summit League,I-FCS,,SD
University of South Florida,American Athletic Conference,I-FBS,,FL
Southeast Missouri State University,Ohio Valley Conference,I-FCS,,MO
Southeastern Louisiana University,Southland Conference,I-FCS,,LA
University of Southern California,Pac-12 Conference,I-FBS,,CA
Southern Illinois University at Carbondale,Missouri Valley Conference,I-FCS,,IL
Southern Illinois University Edwardsville,Ohio Valley Conference,I,,IL
Southern Methodist University,American Athletic Conference,I-FBS,,TX
The University of Southern Mississippi,Conference USA,I-FBS,,MS
"Southern University, Baton Rouge",Southwestern Athletic Conf.,I-FCS,,LA
Southern Utah University,Big Sky Conference,I-FCS,,UT
St. Bonaventure University,Atlantic 10 Conference,I,,NY
St. Francis College Brooklyn,Northeast Conference,I,,NY
Saint Francis University (Pennsylvania),Northeast Conference,I-FCS,,PA
St. John's University (New York),Big East Conference,I,,NY
Saint Joseph's University,Atlantic 10 Conference,I,,PA
Saint Louis University,Atlantic 10 Conference,I,,MO
St. Mary's College of California,West Coast Conference,I,,CA
Saint Peter's University,Metro Atlantic Athletic Conference,I,,NJ
Stanford University,Pac-12 Conference,I-FBS,,CA
Stephen F. Austin State University,Southland Conference,I-FCS,,TX
Stetson University,Atlantic Sun Conference,I-FCS,,FL
Stony Brook University,America East Conference,I-FCS,,NY
Syracuse University,Atlantic Coast Conference,I-FBS,,NY
Temple University,American Athletic Conference,I-FBS,,PA
Tennessee State University,Ohio Valley Conference,I-FCS,,TN
Tennessee Technological University,Ohio Valley Conference,I-FCS,,TN
University of Tennessee at Chattanooga,Southern Conference,I-FCS,,TN
"University of Tennessee, Knoxville",Southeastern Conference,I-FBS,,TN
University of Tennessee at Martin,Ohio Valley Conference,I-FCS,,TN
"Texas A&M; University, College Station",Southeastern Conference,I-FBS,,TX
Texas A&M; University-Corpus Christi,Southland Conference,I,,TX
Texas Christian University,Big 12 Conference,I-FBS,,TX
The University of Texas Rio Grande Valley,Western Athletic Conference,I,,TX
Texas Southern University,Southwestern Athletic Conf.,I-FCS,,TX
Texas State University,Sun Belt Conference,I-FBS,,TX
Texas Tech University,Big 12 Conference,I-FBS,,TX
University of Texas at Arlington,Sun Belt Conference,I,,TX
University of Texas at Austin,Big 12 Conference,I-FBS,,TX
University of Texas at El Paso,Conference USA,I-FBS,,TX
University of Texas at San Antonio,Conference USA,I-FBS,,TX
University of Toledo,Mid-American Conference,I-FBS,,OH
Towson University,Colonial Athletic Association,I-FCS,,MD
Troy University,Sun Belt Conference,I-FBS,,AL
Tulane University,American Athletic Conference,I-FBS,,LA
The University of Tulsa,American Athletic Conference,I-FBS,,OK
U.S. Air Force Academy,Mountain West Conference,I-FBS,,CO
U.S. Military Academy,Patriot League,I-FBS,,NY
U.S. Naval Academy,Patriot League,I-FBS,,MD
University of Utah,Pac-12 Conference,I-FBS,,UT
Utah State University,Mountain West Conference,I-FBS,,UT
Utah Valley University,Western Athletic Conference,I,,UT
Valparaiso University,Horizon League,I-FCS,,IN
Vanderbilt University,Southeastern Conference,I-FBS,,TN
University of Vermont,America East Conference,I,,VT
Villanova University,Big East Conference,I-FCS,,PA
University of Virginia,Atlantic Coast Conference,I-FBS,,VA
Virginia Commonwealth University,Atlantic 10 Conference,I,,VA
Virginia Military Institute,Southern Conference,I-FCS,,VA
Virginia Polytechnic Institute and State University,Atlantic Coast Conference,I-FBS,,VA
Wagner College,Northeast Conference,I-FCS,,NY
Wake Forest University,Atlantic Coast Conference,I-FBS,,NC
University of Washington,Pac-12 Conference,I-FBS,,WA
Washington State University,Pac-12 Conference,I-FBS,,WA
Weber State University,Big Sky Conference,I-FCS,,UT
West Virginia University,Big 12 Conference,I-FBS,,WV
Western Carolina University,Southern Conference,I-FCS,,NC
Western Illinois University,The Summit League,I-FCS,,IL
Western Kentucky University,Conference USA,I-FBS,,KY
Western Michigan University,Mid-American Conference,I-FBS,,MI
Wichita State University,Missouri Valley Conference,I,,KS
College of William and Mary,Colonial Athletic Association,I-FCS,,VA
Winthrop University,Big South Conference,I,,SC
University of Wisconsin-Green Bay,Horizon League,I,,WI
"University of Wisconsin, Madison",Big Ten Conference,I-FBS,,WI
"University of Wisconsin, Milwaukee",Horizon League,I,,WI
Wofford College,Southern Conference,I-FCS,,SC
Wright State University,Horizon League,I,,OH
University of Wyoming,Mountain West Conference,I-FBS,,WY
Xavier University,Big East Conference,I,,OH
Yale University,The Ivy League,I-FCS,,CT
Youngstown State University,Horizon League,I-FCS,,OH
Abilene Christian University,Southland Conference,II,I-FCS,TX
Academy of Art University,Pacific West Conference,II,,CA
Adams State University,Rocky Mountain Athletic Conference,II,,CO
Adelphi University,Northeast-10 Conference,II,,NY
University of Alabama in Huntsville,Gulf South Conference,II,,AL
University of Alaska Anchorage,Great Northwest Athletic Conference,II,,AK
University of Alaska Fairbanks,Great Northwest Athletic Conference,II,,AK
Albany State University (Georgia),Southern Intercol. Ath. Conf.,II,,GA
Alderson Broaddus University,Great Midwest Athletic Conference,II,,WV
American International College,Northeast-10 Conference,II,,MA
Anderson University (South Carolina),South Atlantic Conference,II,,SC
Angelo State University,Lone Star Conference,II,,TX
Arkansas Tech University,Great American Conference,II,,AR
"University of Arkansas, Fort Smith",Heartland Conference,II,,AR
"University of Arkansas, Monticello",Great American Conference,II,,AR
Armstrong State University,Peach Belt Conference,II,,GA
Ashland University,Great Lakes Intercollegiate Athletic Conference,II,,OH
Assumption College,Northeast-10 Conference,II,,MA
Auburn University at Montgomery,,II,,AL
Augusta University,Peach Belt Conference,II,,GA
Augustana University (South Dakota),Northern Sun Intercollegiate Conference,II,,SD
Azusa Pacific University,Pacific West Conference,II,,CA
Barry University,Sunshine State Conference,II,,FL
Barton College,Conference Carolinas,II,,NC
Bellarmine University,Great Lakes Valley Conference,II,,KY
Belmont Abbey College,Conference Carolinas,II,,NC
Bemidji State University,Northern Sun Intercollegiate Conference,II,,MN
Benedict College,Southern Intercol. Ath. Conf.,II,,SC
Bentley University,Northeast-10 Conference,II,,MA
Black Hills State University,Rocky Mountain Athletic Conference,II,,SD
Bloomfield College,Central Atlantic Collegiate Conference,II,,NJ
Bloomsburg University of Pennsylvania,Pennsylvania State Athletic Conference,II,,PA
Bluefield State College,,II,,WV
Bowie State University,Central Intercollegiate Athletic Association,II,,MD
Brevard College,South Atlantic Conference,II,,NC
University of Bridgeport,East Coast Conference,II,,CT
"Brigham Young University, Hawaii",Pacific West Conference,II,,HI
Caldwell University,Central Atlantic Collegiate Conference,II,,NJ
California Baptist University,Pacific West Conference,II,,CA
"California State Polytechnic University, Pomona",California Collegiate Athletic Association,II,,CA
"California State University,  Monterey Bay",California Collegiate Athletic Association,II,,CA
"California State University, Chico",California Collegiate Athletic Association,II,,CA
"California State University, Dominguez Hills",California Collegiate Athletic Association,II,,CA
"California State University, East Bay",California Collegiate Athletic Association,II,,CA
"California State University, Los Angeles",California Collegiate Athletic Association,II,,CA
"California State University, San Bernardino",California Collegiate Athletic Association,II,,CA
"California State University, Stanislaus",California Collegiate Athletic Association,II,,CA
"California State University, San Marcos",California Collegiate Athletic Association,II,,CA
California University of Pennsylvania,Pennsylvania State Athletic Conference,II,,PA
"University of California, San Diego",California Collegiate Athletic Association,II,,CA
Cameron University,Lone Star Conference,II,,OK
Carson-Newman University,South Atlantic Conference,II,,TN
Catawba College,South Atlantic Conference,II,,NC
Cedarville University,Great Midwest Athletic Conference,II,,OH
University of Central Missouri,Mid-America Intercollegiate Athletics Association,II,,MO
University of Central Oklahoma,Mid-America Intercollegiate Athletics Association,II,,OK
Central State University,Southern Intercol. Ath. Conf.,II,,OH
Central Washington University,Great Northwest Athletic Conference,II,,WA
Chadron State College,Rocky Mountain Athletic Conference,II,,NE
Chaminade University,Pacific West Conference,II,,HI
University of Charleston (West Virginia),Mountain East Conference,II,,WV
Chestnut Hill College,Central Atlantic Collegiate Conference,II,,PA
Cheyney University of Pennsylvania,Pennsylvania State Athletic Conference,II,,PA
Chowan University,Central Intercollegiate Athletic Association,II,,NC
Christian Brothers University,Gulf South Conference,II,,TN
Claflin University,Southern Intercol. Ath. Conf.,II,,SC
Clarion University of Pennsylvania,Pennsylvania State Athletic Conference,II,,PA
Clark Atlanta University,Southern Intercol. Ath. Conf.,II,,GA
Clayton State University,Peach Belt Conference,II,,GA
Coker College,South Atlantic Conference,II,,SC
Colorado Christian University,Rocky Mountain Athletic Conference,II,,CO
Colorado Mesa University,Rocky Mountain Athletic Conference,II,,CO
Colorado School of Mines,Rocky Mountain Athletic Conference,II,,CO
Colorado State University-Pueblo,Rocky Mountain Athletic Conference,II,,CO
"University of Colorado, Colorado Springs",Rocky Mountain Athletic Conference,II,,CO
Columbus State University,Peach Belt Conference,II,,GA
Concord University,Mountain East Conference,II,,WV
Concordia College (New York),Central Atlantic Collegiate Conference,II,,NY
Concordia University Irvine,Pacific West Conference,II,,CA
Concordia University Portland,Great Northwest Athletic Conference,II,,OR
"Concordia University, St. Paul",Northern Sun Intercollegiate Conference,II,,MN
Converse College,Conference Carolinas,II,,SC
Daemen College,East Coast Conference,II,,NY
Dallas Baptist University,Heartland Conference,II,,TX
Davis and Elkins College,Great Midwest Athletic Conference,II,,WV
Delta State University,Gulf South Conference,II,,MS
University of the District of Columbia,East Coast Conference,II,,DC
Dixie State University,Pacific West Conference,II,,UT
Dominican University of California,Pacific West Conference,II,,CA
Dominican College (New York),Central Atlantic Collegiate Conference,II,,NY
Dowling College,East Coast Conference,II,,NY
Drury University,Great Lakes Valley Conference,II,,MO
East Central University,Great American Conference,II,,OK
East Stroudsburg University of Pennsylvania,Pennsylvania State Athletic Conference,II,,PA
Eastern New Mexico University,Lone Star Conference,II,,NM
Eckerd College,Sunshine State Conference,II,,FL
Edinboro University of Pennsylvania,Pennsylvania State Athletic Conference,II,,PA
Elizabeth City State University,Central Intercollegiate Athletic Association,II,,NC
Embry-Riddle Aeronautical University (Florida),Sunshine State Conference,II,,FL
Emmanuel College (Georgia),Conference Carolinas,II,,GA
Emporia State University,Mid-America Intercollegiate Athletics Association,II,,KS
Erskine College,Conference Carolinas,II,,SC
Fairmont State University,Mountain East Conference,II,,WV
Fayetteville State University,Central Intercollegiate Athletic Association,II,,NC
Felician University,Central Atlantic Collegiate Conference,II,,NJ
Ferris State University,Great Lakes Intercollegiate Athletic Conference,II,,MI
University of Findlay,Great Lakes Intercollegiate Athletic Conference,II,,OH
Flagler College,Peach Belt Conference,II,,FL
Florida Institute of Technology,Sunshine State Conference,II,,FL
Florida Southern College,Sunshine State Conference,II,,FL
Fort Hays State University,Mid-America Intercollegiate Athletics Association,II,,KS
Fort Lewis College,Rocky Mountain Athletic Conference,II,,CO
Fort Valley State University,Southern Intercol. Ath. Conf.,II,,GA
Francis Marion University,Peach Belt Conference,II,,SC
Franklin Pierce University,Northeast-10 Conference,II,,NH
Fresno Pacific University,Pacific West Conference,II,,CA
Gannon University,Pennsylvania State Athletic Conference,II,,PA
Georgia College,Peach Belt Conference,II,,GA
Georgia Southwestern State University,Peach Belt Conference,II,,GA
Georgian Court University,Central Atlantic Collegiate Conference,II,,NJ
Glenville State College,Mountain East Conference,II,,WV
Goldey-Beacom College,Central Atlantic Collegiate Conference,II,,DE
Grand Canyon University,Western Athletic Conference,II,I,AZ
Grand Valley State University,Great Lakes Intercollegiate Athletic Conference,II,,MI
Harding University,Great American Conference,II,,AR
University of Hawaii at Hilo,Pacific West Conference,II,,HI
Hawaii Pacific University,Pacific West Conference,II,,HI
Henderson State University,Great American Conference,II,,AR
Hillsdale College,Great Lakes Intercollegiate Athletic Conference,II,,MI
Holy Family University,Central Atlantic Collegiate Conference,II,,PA
Holy Names University,Pacific West Conference,II,,CA
Humboldt State University,California Collegiate Athletic Association,II,,CA
University of Illinois at Springfield,Great Lakes Valley Conference,II,,IL
University of the Incarnate Word,Southland Conference,II,I-FCS,TX
Indiana University of Pennsylvania,Pennsylvania State Athletic Conference,II,,PA
University of Indianapolis,Great Lakes Valley Conference,II,,IN
Johnson C. Smith University,Central Intercollegiate Athletic Association,II,,NC
Kentucky State University,Southern Intercol. Ath. Conf.,II,,KY
Kentucky Wesleyan College,Great Midwest Athletic Conference,II,,KY
King University,Conference Carolinas,II,,TN
Kutztown University of Pennsylvania,Pennsylvania State Athletic Conference,II,,PA
Lake Erie College,Great Lakes Intercollegiate Athletic Conference,II,,OH
Lake Superior State University,Great Lakes Intercollegiate Athletic Conference,II,,MI
Lander University,Peach Belt Conference,II,,SC
Lane College,Southern Intercol. Ath. Conf.,II,,TN
Le Moyne College,Northeast-10 Conference,II,,NY
Lee University,Gulf South Conference,II,,TN
Lees-McRae College,Conference Carolinas,II,,NC
LeMoyne-Owen College,Southern Intercol. Ath. Conf.,II,,TN
Lenoir-Rhyne University,South Atlantic Conference,II,,NC
Lewis University,Great Lakes Valley Conference,II,,IL
Limestone College,Conference Carolinas,II,,SC
Lincoln Memorial University,South Atlantic Conference,II,,TN
Lincoln University (Missouri),Mid-America Intercollegiate Athletics Association,II,,MO
The Lincoln University (Pennsylvania),Central Intercollegiate Athletic Association,II,,PA
Lindenwood University,Mid-America Intercollegiate Athletics Association,II,,MO
Livingstone College,Central Intercollegiate Athletic Association,II,,NC
Lock Haven University of Pennsylvania,Pennsylvania State Athletic Conference,II,,PA
Lubbock Christian University,Heartland Conference,II,,TX
Lynn University,Sunshine State Conference,II,,FL
Malone University,Great Lakes Intercollegiate Athletic Conference,II,,OH
Mansfield University of Pennsylvania,Pennsylvania State Athletic Conference,II,,PA
Mars Hill University,South Atlantic Conference,II,,NC
University of Mary,Northern Sun Intercollegiate Conference,II,,ND
Maryville University of Saint Louis,Great Lakes Valley Conference,II,,MO
University of Massachusetts Lowell,America East Conference,II,I,MA
McKendree University,Great Lakes Valley Conference,II,,IL
Mercy College,East Coast Conference,II,,NY
Mercyhurst University,Pennsylvania State Athletic Conference,II,,PA
Merrimack College,Northeast-10 Conference,II,,MA
Metropolitan State University of Denver,Rocky Mountain Athletic Conference,II,,CO
Michigan Technological University,Great Lakes Intercollegiate Athletic Conference,II,,MI
Midwestern State University,Lone Star Conference,II,,TX
Miles College,Southern Intercol. Ath. Conf.,II,,AL
Millersville University of Pennsylvania,Pennsylvania State Athletic Conference,II,,PA
"Minnesota State University, Mankato",Northern Sun Intercollegiate Conference,II,,MN
Minnesota State University Moorhead,Northern Sun Intercollegiate Conference,II,,MN
"University of Minnesota, Crookston",Northern Sun Intercollegiate Conference,II,,MN
University of Minnesota Duluth,Northern Sun Intercollegiate Conference,II,,MN
Minot State University,Northern Sun Intercollegiate Conference,II,,ND
Mississippi College,Gulf South Conference,II,II,MS
Missouri University of Science and Technology,Great Lakes Valley Conference,II,,MO
Missouri Southern State University,Mid-America Intercollegiate Athletics Association,II,,MO
Missouri Western State University,Mid-America Intercollegiate Athletics Association,II,,MO
University of Missouri-St. Louis,Great Lakes Valley Conference,II,,MO
Molloy College,East Coast Conference,II,,NY
Montana State University Billings,Great Northwest Athletic Conference,II,,MT
University of Montevallo,Peach Belt Conference,II,,AL
Morehouse College,Southern Intercol. Ath. Conf.,II,,GA
University of Mount Olive,Conference Carolinas,II,,NC
University of Nebraska at Kearney,Mid-America Intercollegiate Athletics Association,II,,NE
University of New Haven,Northeast-10 Conference,II,,CT
New Mexico Highlands University,Rocky Mountain Athletic Conference,II,,NM
New York Institute of Technology,East Coast Conference,II,,NY
Newberry College,South Atlantic Conference,II,,SC
Newman University,Heartland Conference,II,,KS
University of North Alabama,Gulf South Conference,II,,AL
University of North Carolina at Pembroke,Peach Belt Conference,II,,NC
University of North Georgia,Peach Belt Conference,II,,GA
North Greenville University,Conference Carolinas,II,,SC
Northeastern State University,Mid-America Intercollegiate Athletics Association,II,,OK
Northern Kentucky University,Horizon League,II,I,KY
Northern Michigan University,Great Lakes Intercollegiate Athletic Conference,II,,MI
Northern State University,Northern Sun Intercollegiate Conference,II,,SD
Northwest Missouri State University,Mid-America Intercollegiate Athletics Association,II,,MO
Northwest Nazarene University,Great Northwest Athletic Conference,II,,ID
Northwestern Oklahoma State University,Great American Conference,II,,OK
Northwood University (Michigan),Great Lakes Intercollegiate Athletic Conference,II,,MI
Notre Dame College (Ohio),Mountain East Conference,II,,OH
Notre Dame de Namur University,Pacific West Conference,II,,CA
Nova Southeastern University,Sunshine State Conference,II,,FL
Nyack College,Central Atlantic Collegiate Conference,II,,NY
Oakland City University,,II,,IN
Ohio Dominican University,Great Lakes Intercollegiate Athletic Conference,II,,OH
Ohio Valley University,Great Midwest Athletic Conference,II,,WV
Oklahoma Baptist University,Great American Conference,II,,OK
Oklahoma Christian University,Heartland Conference,II,,OK
Oklahoma Panhandle State University,Heartland Conference,II,,OK
Ouachita Baptist University,Great American Conference,II,,AR
Pace University,Northeast-10 Conference,II,,NY
Paine College,Southern Intercol. Ath. Conf.,II,,GA
Palm Beach Atlantic University,,II,,FL
Pfeiffer University,Conference Carolinas,II,,NC
Philadelphia University,Central Atlantic Collegiate Conference,II,,PA
Pittsburg State University,Mid-America Intercollegiate Athletics Association,II,,KS
"University of Pittsburgh, Johnstown",Pennsylvania State Athletic Conference,II,,PA
Point Loma Nazarene University,Pacific West Conference,II,,CA
Post University,Central Atlantic Collegiate Conference,II,,CT
Long Island University/LIU Post,East Coast Conference,II,,NY
"University of Puerto Rico, Bayamon",,II,,PR
"University of Puerto Rico, Mayaguez",,II,,PR
"University of Puerto Rico, Rio Piedras",,II,,PR
Queens College (New York),East Coast Conference,II,,NY
Queens University of Charlotte,South Atlantic Conference,II,,NC
Quincy University,Great Lakes Valley Conference,II,,IL
Regis University (Colorado),Rocky Mountain Athletic Conference,II,,CO
Roberts Wesleyan College,East Coast Conference,II,,NY
Rockhurst University,Great Lakes Valley Conference,II,,MO
Rogers State University,Heartland Conference,II,,OK
Rollins College,Sunshine State Conference,II,,FL
Saginaw Valley State University,Great Lakes Intercollegiate Athletic Conference,II,,MI
Salem International University,Great Midwest Athletic Conference,II,,WV
San Francisco State University,California Collegiate Athletic Association,II,,CA
University of the Sciences,Central Atlantic Collegiate Conference,II,,PA
Seattle Pacific University,Great Northwest Athletic Conference,II,,WA
Seton Hill University,Pennsylvania State Athletic Conference,II,,PA
Shaw University,Central Intercollegiate Athletic Association,II,,NC
Shepherd University,Mountain East Conference,II,,WV
Shippensburg University of Pennsylvania,Pennsylvania State Athletic Conference,II,,PA
Shorter University,Gulf South Conference,II,,GA
Simon Fraser University,Great Northwest Athletic Conference,II,,BC
University of Sioux Falls,Northern Sun Intercollegiate Conference,II,,SD
Slippery Rock University of Pennsylvania,Pennsylvania State Athletic Conference,II,,PA
Sonoma State University,California Collegiate Athletic Association,II,,CA
University of South Carolina Aiken,Peach Belt Conference,II,,SC
South Dakota School of Mines & Technology,Rocky Mountain Athletic Conference,II,,SD
Southeastern Oklahoma State University,Great American Conference,II,,OK
Southern Arkansas University,Great American Conference,II,,AR
Southern Connecticut State University,Northeast-10 Conference,II,,CT
University of Southern Indiana,Great Lakes Valley Conference,II,,IN
Southern Nazarene University,Great American Conference,II,,OK
Southern New Hampshire University,Northeast-10 Conference,II,,NH
Southern Wesleyan University,Conference Carolinas,II,,SC
Southwest Baptist University,Mid-America Intercollegiate Athletics Association,II,,MO
Southwest Minnesota State University,Northern Sun Intercollegiate Conference,II,,MN
Southwestern Oklahoma State University,Great American Conference,II,,OK
Spring Hill College,Southern Intercol. Ath. Conf.,II,,AL
Saint Anselm College,Northeast-10 Conference,II,,NH
Saint Augustine's University,Central Intercollegiate Athletic Association,II,,NC
St. Cloud State University,Northern Sun Intercollegiate Conference,II,,MN
St. Edward's University,Heartland Conference,II,,TX
Saint Joseph's College (Indiana),Great Lakes Valley Conference,II,,IN
Saint Leo University,Sunshine State Conference,II,,FL
Saint Martin's University,Great Northwest Athletic Conference,II,,WA
St. Mary's University (Texas),Heartland Conference,II,,TX
Saint Michael's College,Northeast-10 Conference,II,,VT
The College of Saint Rose,Northeast-10 Conference,II,,NY
St. Thomas Aquinas College,East Coast Conference,II,,NY
Stillman College,Southern Intercol. Ath. Conf.,II,,AL
Stonehill College,Northeast-10 Conference,II,,MA
University of Tampa,Sunshine State Conference,II,,FL
Tarleton State University,Lone Star Conference,II,,TX
Texas A&M; International University,Heartland Conference,II,,TX
Texas A&M; University-Commerce,Lone Star Conference,II,,TX
Texas A&M; University-Kingsville,Lone Star Conference,II,,TX
University of Texas of the Permian Basin,Heartland Conference,II,,TX
Texas Woman's University,Lone Star Conference,II,,TX
Tiffin University,Great Lakes Intercollegiate Athletic Conference,II,,OH
Trevecca Nazarene University,Great Midwest Athletic Conference,II,,TN
Truman State University,Great Lakes Valley Conference,II,,MO
Tusculum College,South Atlantic Conference,II,,TN
Tuskegee University,Southern Intercol. Ath. Conf.,II,,AL
Union University,Gulf South Conference,II,,TN
Upper Iowa University,Northern Sun Intercollegiate Conference,II,,IA
Urbana University,Mountain East Conference,II,,OH
Ursuline College,Great Midwest Athletic Conference,II,,OH
Valdosta State University,Gulf South Conference,II,,GA
The University of Virginia's College at Wise,Mountain East Conference,II,,VA
Virginia State University,Central Intercollegiate Athletic Association,II,,VA
Virginia Union University,Central Intercollegiate Athletic Association,II,,VA
Walsh University,Great Lakes Intercollegiate Athletic Conference,II,,OH
Washburn University of Topeka,Mid-America Intercollegiate Athletics Association,II,,KS
Wayne State University (Michigan),Great Lakes Intercollegiate Athletic Conference,II,,MI
Wayne State College (Nebraska),Northern Sun Intercollegiate Conference,II,,NE
University of West Alabama,Gulf South Conference,II,,AL
West Chester University of Pennsylvania,Pennsylvania State Athletic Conference,II,,PA
University of West Florida,Gulf South Conference,II,,FL
University of West Georgia,Gulf South Conference,II,,GA
West Liberty University,Mountain East Conference,II,,WV
West Texas A&M; University,Lone Star Conference,II,,TX
West Virginia State University,Mountain East Conference,II,,WV
West Virginia Wesleyan College,Mountain East Conference,II,,WV
Western New Mexico University,Rocky Mountain Athletic Conference,II,,NM
Western Oregon University,Great Northwest Athletic Conference,II,,OR
Western State Colorado University,Rocky Mountain Athletic Conference,II,,CO
Western Washington University,Great Northwest Athletic Conference,II,,WA
Westminster College (Utah),,II,,UT
Wheeling Jesuit University,Mountain East Conference,II,,WV
William Jewell College,Great Lakes Valley Conference,II,,MO
Wilmington University (Delaware),Central Atlantic Collegiate Conference,II,,DE
Wingate University,South Atlantic Conference,II,,NC
Winona State University,Northern Sun Intercollegiate Conference,II,,MN
Winston-Salem State University,Central Intercollegiate Athletic Association,II,,NC
"University of Wisconsin, Parkside",Great Lakes Valley Conference,II,,WI
Young Harris College,Peach Belt Conference,II,,GA
Adrian College,Michigan Intercol. Ath. Assn.,III,,MI
Agnes Scott College,Great South Athletic Conference,III,,GA
Albertus Magnus College,Great Northeast Athletic Conference,III,,CT
Albion College,Michigan Intercol. Ath. Assn.,III,,MI
Albright College,Middle Atlantic Conferences,III,,PA
Alfred State College,Eastern College Athletic Conference,III,,NY
Alfred University,Empire 8,III,,NY
Allegheny College,North Coast Athletic Conference,III,,PA
Alma College,Michigan Intercol. Ath. Assn.,III,,MI
Alvernia University,Middle Atlantic Conference Commonwealth,III,,PA
Alverno College,Northern Athletics Collegiate Conference,III,,WI
Amherst College,New England Small College Athletic Conference,III,,MA
Anderson University (Indiana),Heartland Collegiate Athletic Conference,III,,IN
Anna Maria College,Great Northeast Athletic Conference,III,,MA
Arcadia University,Middle Atlantic Conference Commonwealth,III,,PA
Augsburg College,Minnesota Intercollegiate Athletic Conference,III,,MN
Augustana College (Illinois),College Conference of Illinois & Wisconsin,III,,IL
Aurora University,Northern Athletics Collegiate Conference,III,,IL
Austin College,Southern Collegiate Athletic Conference,III,,TX
Averett University,USA South Athletic Conference,III,,VA
Babson College,New England Women's and Men's Athletic Conference,III,,MA
Baldwin Wallace University,Ohio Athletic Conference,III,,OH
Bard College,Liberty League,III,,NY
Baruch College,City University of New York Athletic Conference,III,,NY
Bates College,New England Small College Athletic Conference,III,,ME
Bay Path University,New England Collegiate Conference,III,,MA
Becker College,New England Collegiate Conference,III,,MA
Belhaven University,American Southwest Conference,III,,MS
Beloit College,Midwest Conference,III,,WI
Benedictine University (Illinois),Northern Athletics Collegiate Conference,III,,IL
Berea College,,III,,KY
Berry College,Southern Athletic Association,III,,GA
Bethany College (West Virginia),Presidents' Athletic Conference,III,,WV
Bethany Lutheran College,Upper Midwest Athletic Conference,III,,MN
Bethel University (Minnesota),Minnesota Intercollegiate Athletic Conference,III,,MN
Birmingham-Southern College,Southern Athletic Association,III,,AL
Blackburn College,St. Louis Intercollegiate Athletic Conference,III,,IL
Bluffton University,Heartland Collegiate Athletic Conference,III,,OH
Bowdoin College,New England Small College Athletic Conference,III,,ME
Brandeis University,University Athletic Association,III,,MA
Bridgewater College (Virginia),Old Dominion Athletic Conf.,III,,VA
Bridgewater State University,Massachusetts State Collegiate Athletic Conference,III,,MA
"College at Brockport, State University of New York",State University of New York Athletic Conference,III,,NY
Brooklyn College,City University of New York Athletic Conference,III,,NY
Bryn Athyn College,North Eastern Athletic Conference,III,,PA
Bryn Mawr College,Centennial Conference,III,,PA
Buena Vista University,Iowa Intercol. Athletic Conf.,III,,IA
"Buffalo State, State University of New York",State University of New York Athletic Conference,III,,NY
Cabrini College,Colonial States Athletic Conference,III,,PA
Cairn University,Colonial States Athletic Conference,III,,PA
California Institute of Technology,Southern California Intercollegiate Athletic Conf.,III,,CA
California Lutheran University,Southern California Intercollegiate Athletic Conf.,III,,CA
"University of California, Santa Cruz",,III,,CA
Calvin College,Michigan Intercol. Ath. Assn.,III,,MI
State University of New York at Canton,,III,,NY
Capital University,Ohio Athletic Conference,III,,OH
Carleton College,Minnesota Intercollegiate Athletic Conference,III,,MN
Carnegie Mellon University,University Athletic Association,III,,PA
Carroll University (Wisconsin),Midwest Conference,III,,WI
Carthage College,College Conference of Illinois & Wisconsin,III,,WI
Case Western Reserve University,University Athletic Association,III,,OH
Castleton University,North Atlantic Conference,III,,VT
Catholic University,Landmark Conference,III,,DC
Cazenovia College,North Eastern Athletic Conference,III,,NY
Cedar Crest College,Colonial States Athletic Conference,III,,PA
Centenary College (Louisiana),Southern Collegiate Athletic Conference,III,,LA
Centenary College (New Jersey),Colonial States Athletic Conference,III,,NJ
Central College (Iowa),Iowa Intercol. Athletic Conf.,III,,IA
Centre College,Southern Athletic Association,III,,KY
Chapman University,Southern California Intercollegiate Athletic Conf.,III,,CA
Chatham University,Presidents' Athletic Conference,III,,PA
University of Chicago,University Athletic Association,III,,IL
Christopher Newport University,Capital Athletic Conference Inc.,III,,VA
The City College of New York,City University of New York Athletic Conference,III,,NY
Claremont McKenna-Harvey Mudd-Scripps Colleges,Southern California Intercollegiate Athletic Conf.,III,,CA
Clark University (Massachusetts),New England Women's and Men's Athletic Conference,III,,MA
Clarkson University,Liberty League,III,,NY
State University of New York at Cobleskill,North Eastern Athletic Conference,III,,NY
Coe College,Iowa Intercol. Athletic Conf.,III,,IA
Colby College,New England Small College Athletic Conference,III,,ME
Colby-Sawyer College,North Atlantic Conference,III,,NH
Colorado College,Southern Collegiate Athletic Conference,III,,CO
"Concordia College, Moorhead",Minnesota Intercollegiate Athletic Conference,III,,MN
Concordia University Chicago,Northern Athletics Collegiate Conference,III,,IL
Concordia University Texas,American Southwest Conference,III,,TX
Concordia University Wisconsin,Northern Athletics Collegiate Conference,III,,WI
Connecticut College,New England Small College Athletic Conference,III,,CT
Cornell College,Midwest Conference,III,,IA
State University of New York at Cortland,State University of New York Athletic Conference,III,,NY
Covenant College,USA South Athletic Conference,III,,GA
Crown College (Minnesota),Upper Midwest Athletic Conference,III,,MN
Curry College,Commonwealth Coast Conference,III,,MA
D'Youville College,Allegheny Mountain Collegiate Conference,III,,NY
University of Dallas,Southern Collegiate Athletic Conference,III,,TX
Daniel Webster College,New England Collegiate Conference,III,,NH
Defiance College,Heartland Collegiate Athletic Conference,III,,OH
Delaware Valley University,Middle Atlantic Conferences,III,,PA
Denison University,North Coast Athletic Conference,III,,OH
DePauw University,North Coast Athletic Conference,III,,IN
DeSales University,Middle Atlantic Conferences,III,,PA
Dickinson College,Centennial Conference,III,,PA
Dominican University (Illinois),Northern Athletics Collegiate Conference,III,,IL
Drew University,Landmark Conference,III,,NJ
University of Dubuque,Iowa Intercol. Athletic Conf.,III,,IA
Earlham College,Heartland Collegiate Athletic Conference,III,,IN
East Texas Baptist University,American Southwest Conference,III,,TX
Eastern Connecticut State University,Little East Conference,III,,CT
Eastern Mennonite University,Old Dominion Athletic Conf.,III,,VA
Eastern Nazarene College,Commonwealth Coast Conference,III,,MA
Eastern University,Middle Atlantic Conference Freedom,III,,PA
Edgewood College,Northern Athletics Collegiate Conference,III,,WI
Elizabethtown College,Landmark Conference,III,,PA
Elmhurst College,College Conference of Illinois & Wisconsin,III,,IL
Elmira College,Empire 8,III,,NY
Elms College,New England Collegiate Conference,III,,MA
Emerson College,New England Women's and Men's Athletic Conference,III,,MA
Emmanuel College (Massachusetts),Great Northeast Athletic Conference,III,,MA
Emory and Henry College,Old Dominion Athletic Conf.,III,,VA
Emory University,University Athletic Association,III,,GA
Endicott College,Commonwealth Coast Conference,III,,MA
Eureka College,St. Louis Intercollegiate Athletic Conference,III,,IL
"Fairleigh Dickinson University, Florham",Middle Atlantic Conferences,III,,NJ
Farmingdale State College,Skyline Conference,III,,NY
Ferrum College,USA South Athletic Conference,III,,VA
Finlandia University,Great South Athletic Conference,III,,MI
Fitchburg State University,Massachusetts State Collegiate Athletic Conference,III,,MA
Fontbonne University,St. Louis Intercollegiate Athletic Conference,III,,MO
Framingham State University,Massachusetts State Collegiate Athletic Conference,III,,MA
Franciscan University of Steubenville,Allegheny Mountain Collegiate Conference,III,,OH
Franklin & Marshall College,Centennial Conference,III,,PA
Franklin College,Heartland Collegiate Athletic Conference,III,,IN
The State University of New York at Fredonia,State University of New York Athletic Conference,III,,NY
Frostburg State University,Capital Athletic Conference Inc.,III,,MD
Gallaudet University,North Eastern Athletic Conference,III,,DC
State University of New York at Geneseo,State University of New York Athletic Conference,III,,NY
Geneva College,Presidents' Athletic Conference,III,,PA
George Fox University,Northwest Conference,III,,OR
Gettysburg College,Centennial Conference,III,,PA
Gordon College,Commonwealth Coast Conference,III,,MA
Goucher College,Landmark Conference,III,,MD
Green Mountain College,North Atlantic Conference,III,,VT
Greensboro College,USA South Athletic Conference,III,,NC
Greenville College,St. Louis Intercollegiate Athletic Conference,III,,IL
Grinnell College,Midwest Conference,III,,IA
Grove City College,Presidents' Athletic Conference,III,,PA
Guilford College,Old Dominion Athletic Conf.,III,,NC
Gustavus Adolphus College,Minnesota Intercollegiate Athletic Conference,III,,MN
Gwynedd Mercy University,Colonial States Athletic Conference,III,,PA
Hamilton College,New England Small College Athletic Conference,III,,NY
Hamline University,Minnesota Intercollegiate Athletic Conference,III,,MN
Hampden-Sydney College,Old Dominion Athletic Conf.,III,,VA
Hanover College,Heartland Collegiate Athletic Conference,III,,IN
Hardin-Simmons University,American Southwest Conference,III,,TX
Hartwick College,Empire 8,III,,NY
Haverford College,Centennial Conference,III,,PA
Heidelberg University,Ohio Athletic Conference,III,,OH
Hendrix College,Southern Athletic Association,III,,AR
Hilbert College,Allegheny Mountain Collegiate Conference,III,,NY
Hiram College,North Coast Athletic Conference,III,,OH
Hobart and William Smith Colleges,Liberty League,III,,NY
Hollins University,Old Dominion Athletic Conf.,III,,VA
Hood College,Middle Atlantic Conferences,III,,MD
Hope College,Michigan Intercol. Ath. Assn.,III,,MI
Houghton College,Empire 8,III,,NY
Howard Payne University,American Southwest Conference,III,,TX
Hunter College,City University of New York Athletic Conference,III,,NY
Huntingdon College,USA South Athletic Conference,III,,AL
Husson University,North Atlantic Conference,III,,ME
Illinois College,Midwest Conference,III,,IL
Illinois Institute of Technology,,III,,IL
Illinois Wesleyan University,College Conference of Illinois & Wisconsin,III,,IL
Immaculata University,Colonial States Athletic Conference,III,,PA
Iowa Wesleyan University,St. Louis Intercollegiate Athletic Conference,III,,IA
Ithaca College,Empire 8,III,,NY
John Carroll University,Ohio Athletic Conference,III,,OH
John Jay College of Criminal Justice,City University of New York Athletic Conference,III,,NY
Johns Hopkins University,Centennial Conference,III,,MD
Johnson & Wales University (RI),Great Northeast Athletic Conference,III,,RI
Johnson State College,North Atlantic Conference,III,,VT
Juniata College,Landmark Conference,III,,PA
Kalamazoo College,Michigan Intercol. Ath. Assn.,III,,MI
Kean University,New Jersey Athletic Conference,III,,NJ
Keene State College,Little East Conference,III,,NH
Kenyon College,North Coast Athletic Conference,III,,OH
Keuka College,North Eastern Athletic Conference,III,,NY
Keystone College,Colonial States Athletic Conference,III,,PA
King's College (Pennsylvania),Middle Atlantic Conferences,III,,PA
Knox College,Midwest Conference,III,,IL
La Roche College,Allegheny Mountain Collegiate Conference,III,,PA
University of La Verne,Southern California Intercollegiate Athletic Conf.,III,,CA
LaGrange College,USA South Athletic Conference,III,,GA
Lake Forest College,Midwest Conference,III,,IL
Lakeland College,Northern Athletics Collegiate Conference,III,,WI
Lancaster Bible College,North Eastern Athletic Conference,III,,PA
Lasell College,Great Northeast Athletic Conference,III,,MA
Lawrence University,Midwest Conference,III,,WI
Lebanon Valley College,Middle Atlantic Conference Commonwealth,III,,PA
Lehman College,City University of New York Athletic Conference,III,,NY
Lesley University,New England Collegiate Conference,III,,MA
LeTourneau University,American Southwest Conference,III,,TX
Lewis & Clark College,Northwest Conference,III,,OR
Linfield College,Northwest Conference,III,,OR
Loras College,Iowa Intercol. Athletic Conf.,III,,IA
Louisiana College,American Southwest Conference,III,,LA
Luther College,Iowa Intercol. Athletic Conf.,III,,IA
Lycoming College,Middle Atlantic Conferences,III,,PA
Lynchburg College,Old Dominion Athletic Conf.,III,,VA
Lyndon State College,North Atlantic Conference,III,,VT
Macalester College,Minnesota Intercollegiate Athletic Conference,III,,MN
MacMurray College,St. Louis Intercollegiate Athletic Conference,III,,IL
University of Maine at Presque Isle,,III,,ME
Maine Maritime Academy,North Atlantic Conference,III,,ME
"University of Maine, Farmington",North Atlantic Conference,III,,ME
Manchester University,Heartland Collegiate Athletic Conference,III,,IN
Manhattanville College,Middle Atlantic Conference Freedom,III,,NY
Maranatha Baptist University,,III,,WI
Marian University (Wisconsin),Northern Athletics Collegiate Conference,III,,WI
Marietta College,Ohio Athletic Conference,III,,OH
State University of New York Maritime College,Skyline Conference,III,,NY
Martin Luther College,Upper Midwest Athletic Conference,III,,MN
Mary Baldwin College,USA South Athletic Conference,III,,VA
University of Mary Hardin-Baylor,American Southwest Conference,III,,TX
University of Mary Washington,Capital Athletic Conference Inc.,III,,VA
Marymount University (Virginia),Capital Athletic Conference Inc.,III,,VA
Maryville College (Tennessee),USA South Athletic Conference,III,,TN
Marywood University,Colonial States Athletic Conference,III,,PA
Massachusetts College of Liberal Arts,Massachusetts State Collegiate Athletic Conference,III,,MA
Massachusetts Institute of Technology,New England Women's and Men's Athletic Conference,III,,MA
Massachusetts Maritime Academy,Massachusetts State Collegiate Athletic Conference,III,,MA
University of Massachusetts Boston,Little East Conference,III,,MA
"University of Massachusetts, Dartmouth",Little East Conference,III,,MA
McDaniel College,Centennial Conference,III,,MD
McMurry University,American Southwest Conference,III,III,TX
Medaille College,Allegheny Mountain Collegiate Conference,III,,NY
Medgar Evers College,City University of New York Athletic Conference,III,,NY
Meredith College,USA South Athletic Conference,III,,NC
Messiah College,Middle Atlantic Conference Commonwealth,III,,PA
Methodist University,USA South Athletic Conference,III,,NC
Middlebury College,New England Small College Athletic Conference,III,,VT
Millikin University,College Conference of Illinois & Wisconsin,III,,IL
Mills College,Great South Athletic Conference,III,,CA
Millsaps College,Southern Athletic Association,III,,MS
Milwaukee School of Engineering,Northern Athletics Collegiate Conference,III,,WI
"University of Minnesota, Morris",Upper Midwest Athletic Conference,III,,MN
Misericordia University,Middle Atlantic Conference Freedom,III,,PA
Mitchell College,New England Collegiate Conference,III,,CT
Monmouth College (Illinois),Midwest Conference,III,,IL
Montclair State University,New Jersey Athletic Conference,III,,NJ
Moravian College,Landmark Conference,III,,PA
Morrisville State College,North Eastern Athletic Conference,III,,NY
Mount Aloysius College,Allegheny Mountain Collegiate Conference,III,,PA
Mount Holyoke College,New England Women's and Men's Athletic Conference,III,,MA
Mount Ida College,Great Northeast Athletic Conference,III,,MA
Mount Mary University,Great South Athletic Conference,III,,WI
Mount St. Joseph University,Heartland Collegiate Athletic Conference,III,,OH
Mount Saint Mary College (New York),Skyline Conference,III,,NY
College of Mount St. Vincent,Skyline Conference,III,,NY
University of Mount Union,Ohio Athletic Conference,III,,OH
Muhlenberg College,Centennial Conference,III,,PA
Muskingum University,Ohio Athletic Conference,III,,OH
Nazareth College,Empire 8,III,,NY
Nebraska Wesleyan University,,III,,NE
Neumann University,Colonial States Athletic Conference,III,,PA
University of New England,Commonwealth Coast Conference,III,,ME
New England College,North Atlantic Conference,III,,NH
New Jersey City University,New Jersey Athletic Conference,III,,NJ
The College of New Jersey,New Jersey Athletic Conference,III,,NJ
State University of New York at New Paltz,State University of New York Athletic Conference,III,,NY
College of New Rochelle,,III,,NY
New York University,University Athletic Association,III,,NY
Newbury College,New England Collegiate Conference,III,,MA
Nichols College,Commonwealth Coast Conference,III,,MA
North Carolina Wesleyan College,USA South Athletic Conference,III,,NC
North Central College,College Conference of Illinois & Wisconsin,III,,IL
North Central University,Upper Midwest Athletic Conference,III,,MN
North Park University,College Conference of Illinois & Wisconsin,III,,IL
Northland College,Upper Midwest Athletic Conference,III,,WI
University of Northwestern-St. Paul,Upper Midwest Athletic Conference,III,,MN
Norwich University,Great Northeast Athletic Conference,III,,VT
Notre Dame of Maryland University,Colonial States Athletic Conference,III,,MD
Oberlin College,North Coast Athletic Conference,III,,OH
Occidental College,Southern California Intercollegiate Athletic Conf.,III,,CA
Oglethorpe University,Southern Athletic Association,III,,GA
Ohio Northern University,Ohio Athletic Conference,III,,OH
Ohio Wesleyan University,North Coast Athletic Conference,III,,OH
State University College at Old Westbury,Skyline Conference,III,,NY
Olivet College,Michigan Intercol. Ath. Assn.,III,,MI
State University of New York at Oneonta,State University of New York Athletic Conference,III,,NY
State University of New York at Oswego,State University of New York Athletic Conference,III,,NY
Otterbein University,Ohio Athletic Conference,III,,OH
University of the Ozarks (Arkansas),American Southwest Conference,III,,AR
Pacific Lutheran University,Northwest Conference,III,,WA
Pacific University (Oregon),Northwest Conference,III,,OR
Pennsylvania College of Technology,North Eastern Athletic Conference,III,,PA
"Penn State University, Altoona",Allegheny Mountain Collegiate Conference,III,,PA
"Pennsylvania State Univ. Erie, the Behrend College",Allegheny Mountain Collegiate Conference,III,,PA
Penn State Harrisburg,Capital Athletic Conference Inc.,III,,PA
Penn State Berks College,North Eastern Athletic Conference,III,,PA
"Penn State University, Abington",North Eastern Athletic Conference,III,,PA
Piedmont College,USA South Athletic Conference,III,,GA
Pine Manor College,Great South Athletic Conference,III,,MA
"University of Pittsburgh, Bradford",Allegheny Mountain Collegiate Conference,III,,PA
"University of Pittsburgh, Greensburg",Allegheny Mountain Collegiate Conference,III,,PA
Plattsburgh State University of New York,State University of New York Athletic Conference,III,,NY
Plymouth State University,Little East Conference,III,,NH
Pomona-Pitzer Colleges,Southern California Intercollegiate Athletic Conf.,III,,CA
State University of New York at Potsdam,State University of New York Athletic Conference,III,,NY
Principia College,St. Louis Intercollegiate Athletic Conference,III,,IL
University of Puget Sound,Northwest Conference,III,,WA
"Purchase College, State University of New York",Skyline Conference,III,,NY
Ramapo College,New Jersey Athletic Conference,III,,NJ
Randolph College,Old Dominion Athletic Conf.,III,,VA
Randolph-Macon College,Old Dominion Athletic Conf.,III,,VA
University of Redlands,Southern California Intercollegiate Athletic Conf.,III,,CA
Regis College (Massachusetts),New England Collegiate Conference,III,,MA
Rensselaer Polytechnic Institute,Liberty League,III,,NY
Rhode Island College,Little East Conference,III,,RI
Rhodes College,Southern Athletic Association,III,,TN
Ripon College,Midwest Conference,III,,WI
Rivier University,Great Northeast Athletic Conference,III,,NH
Roanoke College,Old Dominion Athletic Conf.,III,,VA
University of Rochester,University Athletic Association,III,,NY
Rochester Institute of Technology,Liberty League,III,,NY
Rockford University,Northern Athletics Collegiate Conference,III,,IL
Roger Williams University,Commonwealth Coast Conference,III,,RI
Rose-Hulman Institute of Technology,Heartland Collegiate Athletic Conference,III,,IN
Rosemont College,Colonial States Athletic Conference,III,,PA
Rowan University,New Jersey Athletic Conference,III,,NJ
Rust College,,III,,MS
"Rutgers, The State Univ. of New Jersey, Camden",New Jersey Athletic Conference,III,,NJ
"Rutgers, The State Univ. of New Jersey, Newark",New Jersey Athletic Conference,III,,NJ
The Sage Colleges,Skyline Conference,III,,NY
Salem College,Great South Athletic Conference,III,,NC
Salem State University,Massachusetts State Collegiate Athletic Conference,III,,MA
Salisbury University,Capital Athletic Conference Inc.,III,,MD
Salve Regina University,Commonwealth Coast Conference,III,,RI
Sarah Lawrence College,Skyline Conference,III,,NY
Schreiner University,Southern Collegiate Athletic Conference,III,,TX
University of Scranton,Landmark Conference,III,,PA
Shenandoah University,Old Dominion Athletic Conf.,III,,VA
Simmons College,Great Northeast Athletic Conference,III,,MA
Simpson College,Iowa Intercol. Athletic Conf.,III,,IA
Skidmore College,Liberty League,III,,NY
Smith College,New England Women's and Men's Athletic Conference,III,,MA
University of the South,Southern Athletic Association,III,,TN
University of Southern Maine,Little East Conference,III,,ME
Southern Vermont College,New England Collegiate Conference,III,,VT
Southern Virginia University,Capital Athletic Conference Inc.,III,,VA
Southwestern University (Texas),Southern Collegiate Athletic Conference,III,,TX
Spalding University,St. Louis Intercollegiate Athletic Conference,III,,KY
Springfield College,New England Women's and Men's Athletic Conference,III,,MA
College of Saint Benedict,Minnesota Intercollegiate Athletic Conference,III,,MN
St. Catherine University,Minnesota Intercollegiate Athletic Conference,III,,MN
College of Saint Elizabeth,North Eastern Athletic Conference,III,,NJ
St. John Fisher College,Empire 8,III,,NY
St. John's University (Minnesota),Minnesota Intercollegiate Athletic Conference,III,,MN
University of St. Joseph (Connecticut),Great Northeast Athletic Conference,III,,CT
St. Joseph's College (Brooklyn),Skyline Conference,III,,NY
St. Joseph's College (Long Island),Skyline Conference,III,,NY
Saint Joseph's College (Maine),Great Northeast Athletic Conference,III,,ME
St. Lawrence University,Liberty League,III,,NY
Saint Mary's University of Minnesota,Minnesota Intercollegiate Athletic Conference,III,,MN
Saint Mary's College (Indiana),Michigan Intercol. Ath. Assn.,III,,IN
St. Mary's College of Maryland,Capital Athletic Conference Inc.,III,,MD
St. Norbert College,Midwest Conference,III,,WI
St. Olaf College,Minnesota Intercollegiate Athletic Conference,III,,MN
The College of St. Scholastica,Upper Midwest Athletic Conference,III,,MN
University of St. Thomas (Minnesota),Minnesota Intercollegiate Athletic Conference,III,,MN
Saint Vincent College,Presidents' Athletic Conference,III,,PA
State University of New York Polytechnic Institute,North Eastern Athletic Conference,III,,NY
College of Staten Island,City University of New York Athletic Conference,III,,NY
Stevens Institute of Technology,Empire 8,III,,NJ
Stevenson University,Middle Atlantic Conferences,III,,MD
Stockton University,New Jersey Athletic Conference,III,,NJ
Suffolk University,Great Northeast Athletic Conference,III,,MA
Sul Ross State University,American Southwest Conference,III,,TX
Summit University of Pennsylvania,Colonial States Athletic Conference,III,,PA
Susquehanna University,Landmark Conference,III,,PA
Swarthmore College,Centennial Conference,III,,PA
Sweet Briar College,Old Dominion Athletic Conf.,III,,VA
Texas Lutheran University,Southern Collegiate Athletic Conference,III,,TX
University of Texas at Dallas,American Southwest Conference,III,,TX
The University of Texas at Tyler,American Southwest Conference,III,,TX
Thiel College,Presidents' Athletic Conference,III,,PA
Thomas College,North Atlantic Conference,III,,ME
Thomas More College,Presidents' Athletic Conference,III,,KY
Transylvania University,Heartland Collegiate Athletic Conference,III,,KY
Trine University,Michigan Intercol. Ath. Assn.,III,,IN
Trinity College (Connecticut),New England Small College Athletic Conference,III,,CT
Trinity University (Texas),Southern Collegiate Athletic Conference,III,,TX
Trinity Washington University,,III,,DC
Tufts University,New England Small College Athletic Conference,III,,MA
U.S. Coast Guard Academy,New England Women's and Men's Athletic Conference,III,,CT
U.S. Merchant Marine Academy,Landmark Conference,III,,NY
Union College (New York),Liberty League,III,,NY
Ursinus College,Centennial Conference,III,,PA
Utica College,Empire 8,III,,NY
University of Valley Forge,,III,,PA
Vassar College,Liberty League,III,,NY
Virginia Wesleyan College,Old Dominion Athletic Conf.,III,,VA
Wabash College,North Coast Athletic Conference,III,,IN
Wartburg College,Iowa Intercol. Athletic Conf.,III,,IA
Washington and Jefferson College,Presidents' Athletic Conference,III,,PA
Washington and Lee University,Old Dominion Athletic Conf.,III,,VA
Washington College (Maryland),Centennial Conference,III,,MD
Washington University in St. Louis,University Athletic Association,III,,MO
Waynesburg University,Presidents' Athletic Conference,III,,PA
Webster University,St. Louis Intercollegiate Athletic Conference,III,,MO
Wellesley College,New England Women's and Men's Athletic Conference,III,,MA
Wells College,North Eastern Athletic Conference,III,,NY
Wentworth Institute of Technology,Commonwealth Coast Conference,III,,MA
Wesley College,Capital Athletic Conference Inc.,III,,DE
Wesleyan College (Georgia),Great South Athletic Conference,III,,GA
Wesleyan University (Connecticut),New England Small College Athletic Conference,III,,CT
Western Connecticut State University,Little East Conference,III,,CT
Western New England University,Commonwealth Coast Conference,III,,MA
Westfield State University,Massachusetts State Collegiate Athletic Conference,III,,MA
Westminster College (Missouri),St. Louis Intercollegiate Athletic Conference,III,,MO
Westminster College (Pennsylvania),Presidents' Athletic Conference,III,,PA
Wheaton College (Illinois),College Conference of Illinois & Wisconsin,III,,IL
Wheaton College (Massachusetts),New England Women's and Men's Athletic Conference,III,,MA
Wheelock College,New England Collegiate Conference,III,,MA
Whitman College,Northwest Conference,III,,WA
Whittier College,Southern California Intercollegiate Athletic Conf.,III,,CA
Whitworth University,Northwest Conference,III,,WA
Widener University,Middle Atlantic Conference Commonwealth,III,,PA
Wilkes University,Middle Atlantic Conference Freedom,III,,PA
Willamette University,Northwest Conference,III,,OR
William Paterson University of New Jersey,New Jersey Athletic Conference,III,,NJ
William Peace University,USA South Athletic Conference,III,,NC
Williams College,New England Small College Athletic Conference,III,,MA
Wilmington College (Ohio),Ohio Athletic Conference,III,,OH
Wilson College,North Eastern Athletic Conference,III,,PA
Wisconsin Lutheran College,Northern Athletics Collegiate Conference,III,,WI
"University of Wisconsin, Eau Claire",Wisconsin Intercollegiate Athletic Conference,III,,WI
"University of Wisconsin, La Crosse",Wisconsin Intercollegiate Athletic Conference,III,,WI
"University of Wisconsin, Oshkosh",Wisconsin Intercollegiate Athletic Conference,III,,WI
"University of Wisconsin, Platteville",Wisconsin Intercollegiate Athletic Conference,III,,WI
University of Wisconsin-River Falls,Wisconsin Intercollegiate Athletic Conference,III,,WI
University of Wisconsin-Stevens Point,Wisconsin Intercollegiate Athletic Conference,III,,WI
University of Wisconsin-Stout,Wisconsin Intercollegiate Athletic Conference,III,,WI
University of Wisconsin-Superior,Wisconsin Intercollegiate Athletic Conference,III,,WI
University of Wisconsin-Whitewater,Wisconsin Intercollegiate Athletic Conference,III,,WI
Wittenberg University,North Coast Athletic Conference,III,,OH
The College of Wooster,North Coast Athletic Conference,III,,OH
Worcester Polytechnic Institute,New England Women's and Men's Athletic Conference,III,,MA
Worcester State University,Massachusetts State Collegiate Athletic Conference,III,,MA
Yeshiva University,Skyline Conference,III,,NY
York College (Pennsylvania),Capital Athletic Conference Inc.,III,,PA
York College (New York),City University of New York Athletic Conference,III,,NY
